merchant_id,category,mcc_code,risk_score,is_foreign
MERCH300000,grocery,7533,0.024,False
MERCH300001,grocery,6075,0.018,False
MERCH300002,restaurant,8258,0.01,False
MERCH300003,utilities,8505,0.023,False
MERCH300004,grocery,6224,0.01,False
MERCH300005,crypto_exchange,6124,0.553,False
MERCH300006,money_transfer,7167,0.454,False
MERCH300007,travel,4244,0.083,False
MERCH300008,grocery,5153,0.046,False
MERCH300009,travel,4722,0.102,False
MERCH300010,retail,5703,0.107,False
MERCH300011,restaurant,7577,0.014,False
MERCH300012,electronics,5468,0.068,False
MERCH300013,grocery,7132,0.026,False
MERCH300014,grocery,8151,0.025,False
MERCH300015,grocery,8048,0.01,False
MERCH300016,grocery,7185,0.01,True
MERCH300017,retail,7429,0.04,False
MERCH300018,restaurant,6651,0.01,True
MERCH300019,electronics,6982,0.05,False
MERCH300020,grocery,8769,0.01,False
MERCH300021,retail,6850,0.031,False
MERCH300022,gambling,6110,0.434,False
MERCH300023,travel,9768,0.048,False
MERCH300024,crypto_exchange,9500,0.576,False
MERCH300025,restaurant,9172,0.013,False
MERCH300026,grocery,8923,0.01,False
MERCH300027,retail,6296,0.054,False
MERCH300028,electronics,9756,0.052,False
MERCH300029,money_transfer,7920,0.423,False
MERCH300030,restaurant,9343,0.019,False
MERCH300031,restaurant,4122,0.01,False
MERCH300032,restaurant,4641,0.041,False
MERCH300033,grocery,4125,0.01,False
MERCH300034,grocery,9981,0.047,False
MERCH300035,gambling,5911,0.418,True
MERCH300036,grocery,4234,0.068,False
MERCH300037,retail,8527,0.105,False
MERCH300038,electronics,8748,0.088,False
MERCH300039,restaurant,9551,0.011,False
MERCH300040,gambling,7472,0.465,False
MERCH300041,grocery,8097,0.01,False
MERCH300042,money_transfer,7706,0.393,False
MERCH300043,grocery,8237,0.076,False
MERCH300044,retail,7102,0.058,False
MERCH300045,travel,4192,0.024,False
MERCH300046,money_transfer,5003,0.409,False
MERCH300047,restaurant,9580,0.047,False
MERCH300048,retail,4290,0.014,False
MERCH300049,restaurant,4520,0.01,False
MERCH300050,grocery,8801,0.079,True
MERCH300051,crypto_exchange,9680,0.614,False
MERCH300052,money_transfer,6679,0.454,False
MERCH300053,utilities,4850,0.01,False
MERCH300054,restaurant,7530,0.057,False
MERCH300055,utilities,4200,0.01,False
MERCH300056,travel,6161,0.013,False
MERCH300057,grocery,7381,0.01,False
MERCH300058,restaurant,9281,0.028,False
MERCH300059,utilities,4681,0.036,False
MERCH300060,money_transfer,7639,0.45,False
MERCH300061,retail,4172,0.064,False
MERCH300062,crypto_exchange,6791,0.577,True
MERCH300063,electronics,8006,0.102,False
MERCH300064,gambling,4216,0.406,False
MERCH300065,gambling,8428,0.408,False
MERCH300066,grocery,9912,0.019,False
MERCH300067,restaurant,5757,0.022,False
MERCH300068,electronics,8541,0.013,False
MERCH300069,crypto_exchange,7200,0.585,False
MERCH300070,grocery,9507,0.01,False
MERCH300071,utilities,7515,0.01,False
MERCH300072,money_transfer,8817,0.434,False
MERCH300073,retail,4964,0.01,False
MERCH300074,retail,5533,0.037,False
MERCH300075,restaurant,6639,0.045,False
MERCH300076,restaurant,9420,0.01,False
MERCH300077,travel,7821,0.111,False
MERCH300078,grocery,5271,0.01,True
MERCH300079,electronics,9313,0.014,True
MERCH300080,grocery,7711,0.061,False
MERCH300081,crypto_exchange,6512,0.556,False
MERCH300082,grocery,6305,0.046,False
MERCH300083,crypto_exchange,8195,0.577,False
MERCH300084,retail,9286,0.012,False
MERCH300085,utilities,7009,0.01,False
MERCH300086,grocery,9063,0.051,False
MERCH300087,travel,8241,0.135,False
MERCH300088,retail,4443,0.042,False
MERCH300089,grocery,8733,0.01,False
MERCH300090,electronics,7362,0.11,True
MERCH300091,grocery,7182,0.01,False
MERCH300092,gambling,7676,0.41,False
MERCH300093,travel,4366,0.067,False
MERCH300094,grocery,9443,0.028,False
MERCH300095,gambling,9251,0.372,False
MERCH300096,grocery,9989,0.01,False
MERCH300097,crypto_exchange,7605,0.531,False
MERCH300098,retail,5436,0.06,True
MERCH300099,travel,7603,0.085,False
MERCH300100,crypto_exchange,5690,0.576,True
MERCH300101,grocery,7056,0.01,False
MERCH300102,electronics,8807,0.054,False
MERCH300103,grocery,5043,0.039,False
MERCH300104,electronics,6728,0.086,False
MERCH300105,grocery,6916,0.01,False
MERCH300106,grocery,9576,0.03,False
MERCH300107,grocery,7220,0.01,True
MERCH300108,utilities,6045,0.037,False
MERCH300109,gambling,6302,0.456,False
MERCH300110,gambling,5819,0.322,True
MERCH300111,electronics,4894,0.04,False
MERCH300112,crypto_exchange,8261,0.558,False
MERCH300113,money_transfer,8572,0.45,False
MERCH300114,travel,5192,0.108,False
MERCH300115,retail,6739,0.042,False
MERCH300116,utilities,8516,0.01,False
MERCH300117,grocery,8203,0.01,False
MERCH300118,crypto_exchange,4479,0.514,False
MERCH300119,restaurant,4281,0.01,False
MERCH300120,retail,4427,0.023,False
MERCH300121,money_transfer,7025,0.462,False
MERCH300122,grocery,9482,0.015,False
MERCH300123,gambling,4442,0.38,False
MERCH300124,gambling,8205,0.37,False
MERCH300125,utilities,8400,0.01,False
MERCH300126,electronics,9780,0.043,False
MERCH300127,grocery,7485,0.01,False
MERCH300128,restaurant,9728,0.05,False
MERCH300129,money_transfer,6707,0.491,False
MERCH300130,grocery,5591,0.01,False
MERCH300131,retail,9836,0.074,True
MERCH300132,retail,7127,0.061,False
MERCH300133,utilities,5955,0.015,False
MERCH300134,electronics,7858,0.106,False
MERCH300135,grocery,6536,0.015,False
MERCH300136,retail,8484,0.052,False
MERCH300137,crypto_exchange,8424,0.554,False
MERCH300138,retail,4112,0.041,False
MERCH300139,retail,7149,0.054,False
MERCH300140,grocery,9127,0.021,False
MERCH300141,electronics,7950,0.074,False
MERCH300142,grocery,8320,0.01,False
MERCH300143,retail,9856,0.021,False
MERCH300144,travel,6062,0.06,False
MERCH300145,grocery,8173,0.01,False
MERCH300146,gambling,4177,0.43,False
MERCH300147,money_transfer,4904,0.436,False
MERCH300148,utilities,8186,0.03,False
MERCH300149,restaurant,5255,0.038,False
MERCH300150,grocery,8722,0.01,False
MERCH300151,travel,9218,0.119,False
MERCH300152,retail,9363,0.062,False
MERCH300153,utilities,4287,0.01,False
MERCH300154,grocery,5952,0.018,False
MERCH300155,electronics,7054,0.063,False
MERCH300156,retail,4095,0.01,False
MERCH300157,travel,9434,0.055,False
MERCH300158,grocery,9790,0.034,False
MERCH300159,retail,8656,0.01,False
MERCH300160,restaurant,5666,0.01,False
MERCH300161,restaurant,4693,0.018,False
MERCH300162,gambling,8958,0.487,False
MERCH300163,retail,8442,0.06,False
MERCH300164,grocery,9673,0.053,False
MERCH300165,travel,6292,0.056,False
MERCH300166,retail,5010,0.051,True
MERCH300167,money_transfer,9406,0.397,True
MERCH300168,retail,4646,0.03,False
MERCH300169,money_transfer,7436,0.465,False
MERCH300170,utilities,6828,0.01,False
MERCH300171,retail,7292,0.052,False
MERCH300172,restaurant,6414,0.044,False
MERCH300173,restaurant,4052,0.012,False
MERCH300174,travel,7730,0.055,False
MERCH300175,restaurant,5497,0.01,False
MERCH300176,utilities,4703,0.01,False
MERCH300177,electronics,6476,0.05,False
MERCH300178,travel,5744,0.095,False
MERCH300179,utilities,8342,0.01,False
MERCH300180,money_transfer,6172,0.498,False
MERCH300181,restaurant,7119,0.078,False
MERCH300182,restaurant,6910,0.037,False
MERCH300183,retail,9114,0.03,False
MERCH300184,grocery,4617,0.01,False
MERCH300185,retail,4206,0.05,False
MERCH300186,restaurant,9200,0.045,False
MERCH300187,electronics,5937,0.054,False
MERCH300188,retail,8304,0.028,False
MERCH300189,electronics,7584,0.071,False
MERCH300190,grocery,8580,0.022,False
MERCH300191,grocery,7951,0.01,False
MERCH300192,retail,5466,0.043,False
MERCH300193,restaurant,7013,0.012,False
MERCH300194,retail,5836,0.017,False
MERCH300195,grocery,6392,0.02,False
MERCH300196,travel,7269,0.063,False
MERCH300197,restaurant,4429,0.01,False
MERCH300198,restaurant,4186,0.061,False
MERCH300199,retail,8176,0.028,False
MERCH300200,restaurant,4530,0.085,False
MERCH300201,retail,9421,0.059,False
MERCH300202,retail,7854,0.015,False
MERCH300203,travel,8852,0.115,False
MERCH300204,travel,6827,0.059,False
MERCH300205,money_transfer,8206,0.509,False
MERCH300206,crypto_exchange,5115,0.557,False
MERCH300207,grocery,7804,0.036,False
MERCH300208,retail,5864,0.041,True
MERCH300209,money_transfer,8631,0.458,False
MERCH300210,retail,6202,0.033,False
MERCH300211,restaurant,8659,0.01,False
MERCH300212,utilities,9364,0.02,False
MERCH300213,travel,4041,0.111,True
MERCH300214,grocery,4375,0.01,False
MERCH300215,retail,6146,0.086,False
MERCH300216,grocery,7280,0.038,False
MERCH300217,grocery,9207,0.01,False
MERCH300218,grocery,6636,0.01,False
MERCH300219,utilities,9103,0.066,False
MERCH300220,restaurant,8376,0.058,False
MERCH300221,grocery,8259,0.054,False
MERCH300222,grocery,9458,0.012,False
MERCH300223,gambling,5854,0.417,False
MERCH300224,grocery,8017,0.03,True
MERCH300225,retail,8786,0.035,False
MERCH300226,travel,9809,0.083,False
MERCH300227,retail,5389,0.073,False
MERCH300228,retail,8720,0.088,False
MERCH300229,grocery,5344,0.012,False
MERCH300230,gambling,9771,0.361,False
MERCH300231,utilities,7213,0.059,False
MERCH300232,travel,9250,0.13,False
MERCH300233,money_transfer,7427,0.462,False
MERCH300234,utilities,4452,0.064,False
MERCH300235,retail,6107,0.05,False
MERCH300236,restaurant,7653,0.01,False
MERCH300237,restaurant,7622,0.01,False
MERCH300238,restaurant,7299,0.01,False
MERCH300239,electronics,8253,0.06,True
MERCH300240,grocery,7463,0.01,False
MERCH300241,grocery,5081,0.01,False
MERCH300242,restaurant,4469,0.027,False
MERCH300243,grocery,5731,0.046,False
MERCH300244,gambling,4826,0.384,False
MERCH300245,restaurant,8198,0.01,False
MERCH300246,grocery,9862,0.01,False
MERCH300247,utilities,9562,0.038,False
MERCH300248,crypto_exchange,7397,0.548,False
MERCH300249,restaurant,9305,0.038,False
MERCH300250,restaurant,7946,0.077,False
MERCH300251,electronics,4777,0.145,False
MERCH300252,retail,7517,0.059,False
MERCH300253,utilities,7417,0.026,False
MERCH300254,utilities,7299,0.01,False
MERCH300255,crypto_exchange,8800,0.561,True
MERCH300256,money_transfer,9916,0.452,False
MERCH300257,gambling,5423,0.427,False
MERCH300258,grocery,4103,0.01,False
MERCH300259,crypto_exchange,7858,0.556,False
MERCH300260,utilities,4663,0.028,True
MERCH300261,restaurant,6565,0.087,False
MERCH300262,gambling,9593,0.447,True
MERCH300263,money_transfer,7975,0.488,False
MERCH300264,electronics,9624,0.082,True
MERCH300265,grocery,4192,0.01,False
MERCH300266,grocery,8238,0.042,False
MERCH300267,money_transfer,5877,0.427,False
MERCH300268,gambling,4446,0.394,True
MERCH300269,retail,5843,0.093,False
MERCH300270,retail,9600,0.056,False
MERCH300271,utilities,6511,0.017,False
MERCH300272,grocery,9504,0.031,False
MERCH300273,utilities,4687,0.01,False
MERCH300274,gambling,7936,0.335,False
MERCH300275,retail,6619,0.01,False
MERCH300276,electronics,5796,0.079,False
MERCH300277,travel,7248,0.052,False
MERCH300278,retail,7684,0.037,False
MERCH300279,restaurant,4159,0.01,False
MERCH300280,travel,7922,0.058,False
MERCH300281,electronics,5805,0.06,False
MERCH300282,travel,8821,0.108,False
MERCH300283,gambling,5063,0.434,False
MERCH300284,grocery,5715,0.01,False
MERCH300285,gambling,9832,0.409,False
MERCH300286,travel,5482,0.037,False
MERCH300287,restaurant,4781,0.032,False
MERCH300288,grocery,7301,0.049,True
MERCH300289,retail,7763,0.038,False
MERCH300290,restaurant,7399,0.069,False
MERCH300291,gambling,6410,0.425,True
MERCH300292,electronics,4644,0.067,False
MERCH300293,grocery,5723,0.013,False
MERCH300294,retail,4338,0.024,False
MERCH300295,restaurant,9123,0.01,False
MERCH300296,money_transfer,5557,0.411,False
MERCH300297,electronics,7983,0.09,False
MERCH300298,retail,5561,0.085,False
MERCH300299,grocery,7721,0.01,False
